Line No.,Eartag,Birth Date,Breed,Lact num,Calving Date,305 day Milk kg,305 day Fat kg,305 day Protein kg,305 day Fat + Protein kg,F+P kg / day,Lact len,Tests,SCC over limit,Ave SCC,Calv int,Johne's Group,Fertility Status,CPI,Sire name
138,UK702881501216,17/08/11,HF,11,18/03/25,6450,243,230,474,1.73,274,4,0,33,390,J0,Ready,0,UNKNOWN
173,UK702881601469,31/08/12,HF,11,21/03/25,6341,325,282,608,2.24,271,4,0,65,389,J0,Ready,0,UNKNOWN
17,UK702881401439,24/08/12,HF,10,12/02/25,7518,304,275,579,1.89,308,4,0,46,359,J0,Ready,0,UNKNOWN
280,UK741131701355,27/02/13,J,10,10/02/25,7281,339,276,616,2.01,310,4,0,48,354,J0,Ready,0,NOTGIVEN
301,UK702881701701,16/09/13,HF,10,10/02/25,6333,331,275,607,1.98,310,4,0,68,368,J0,Ready,0,UNKNOWN
281,UK702881701939,26/09/14,HF,9,12/02/25,7834,312,296,609,1.99,308,4,0,32,372,J0,Ready,0,UNKNOWN
232,UK702881101961,20/10/14,HF,9,16/02/25,7054,227,268,496,1.63,304,4,0,21,375,J0,Ready,0,UNKNOWN
24,UK702881101933,18/09/14,HF,9,19/02/25,9373,362,311,674,2.24,301,4,4,407,357,J0,Ready,0,UNKNOWN
75,UK702881401950,05/10/14,HF,9,18/02/25,6802,373,288,662,2.19,302,3,0,23,350,J0,Ready,0,UNKNOWN
166,UK702881501888,25/08/14,HF,9,24/03/25,7111,312,247,559,2.09,268,4,0,44,375,J0,Ready,0,UNKNOWN
159,UK702881501951,06/10/14,HF,9,25/02/25,7022,209,278,487,1.65,295,4,1,79,330,J0,Ready,0,UNKNOWN
115,UK702881701862,18/08/14,HF,9,21/02/25,7227,339,278,617,2.06,299,4,0,51,381,J0,Ready,0,UNKNOWN
475,UK702881301970,29/01/15,J,9,14/02/25,7492,367,296,664,2.17,306,3,0,38,360,J0,Ready,0,NOTGIVEN
436,IE141949093023,23/02/16,HF,8,25/02/25,7908,379,305,684,2.32,295,4,4,1237,369,J0,Ready,0,UNKNOWN
447,IE141949093072,03/03/16,HF,8,11/03/25,8083,348,280,629,2.24,281,3,0,24,388,J0,Ready,0,UNKNOWN
450,IE141949072964,17/02/16,HF,8,20/03/25,6792,330,238,568,2.09,272,4,0,79,388,J0,Ready,0,UNKNOWN
427,IE141949042945,15/02/16,HF,8,11/02/25,8530,327,327,655,2.15,309,4,0,39,343,J0,Ready,0,UNKNOWN
429,IE141949062864,06/02/16,HF,8,01/03/25,8269,335,319,655,2.25,291,4,1,272,376,J0,Ready,0,UNKNOWN
453,UK702881202522,09/09/16,HF,8,10/02/25,7217,368,290,659,2.16,310,4,0,33,345,J0,Ready,0,UNKNOWN
372,UK702881302257,08/02/16,HF,8,21/02/25,7698,302,275,577,1.93,299,4,0,66,383,J0,Ready,0,NOTGIVEN
364,UK702881702429,04/08/16,HF,8,09/02/25,7914,360,311,672,2.20,311,4,0,49,327,J0,Ready,0,UNKNOWN
369,UK702881102255,08/02/16,HF,8,12/02/25,9209,381,354,735,2.41,308,4,0,22,334,J0,Ready,0,NOTGIVEN
380,UK702881102395,20/03/16,HF,8,19/02/25,6277,309,261,571,1.90,301,4,0,36,359,J0,Ready,0,NOTGIVEN
407,UK702881702310,18/02/16,HF,8,01/03/25,9169,383,351,735,2.53,291,4,1,103,386,J0,Ready,0,NOTGIVEN
409,IE141949082973,18/02/16,HF,8,04/03/25,7363,354,288,642,2.23,288,4,0,17,363,J0,Ready,0,NOTGIVEN
410,IE141949072931,13/02/16,HF,8,21/02/25,7448,264,262,527,1.76,299,4,0,49,365,J0,Ready,0,UNKNOWN
414,UK702881202494,01/09/16,HF,8,07/03/25,7489,301,283,584,2.05,285,4,0,29,373,J0,Ready,0,UNKNOWN
415,IE141949092834,03/02/16,HF,8,03/02/25,8234,301,315,616,2.00,317,4,0,18,361,J0,Ready,0,UNKNOWN
418,UK702881302516,10/09/16,HF,8,19/02/25,7953,290,280,571,1.90,301,4,0,28,366,J0,Ready,0,UNKNOWN
161,UK702881102521,09/09/16,HF,8,16/02/25,7092,296,297,593,1.95,304,4,0,41,334,J0,Ready,0,UNKNOWN
214,UK702881602526,11/09/16,HF,8,01/04/25,6782,380,307,687,2.64,260,4,0,39,407,J0,Ready,0,UNKNOWN
187,UK702881202445,10/08/16,HF,8,10/02/25,8846,392,335,728,2.38,310,4,0,27,370,J0,Ready,0,UNKNOWN
198,UK702647502463,08/02/16,HF,8,16/02/25,7603,343,292,635,2.09,304,4,0,39,368,J0,Ready,0,NOTGIVEN
84,UK702647602450,06/02/16,HF,8,21/02/25,7529,334,287,622,2.08,299,4,0,13,351,J0,Ready,0,NOTGIVEN
54,IE141949022943,14/02/16,HF,8,12/02/25,7825,304,301,605,1.98,308,4,0,28,370,J0,Ready,0,NOTGIVEN
33,UK702881602379,13/03/16,HF,8,10/02/25,7879,414,303,717,2.34,310,4,0,16,343,J0,Ready,0,NOTGIVEN
4,UK702881601903,03/09/14,HF,8,25/02/25,7472,305,283,589,2.00,295,4,3,320,381,J0,Ready,0,UNKNOWN
49,IE141949013098,09/03/16,HF,8,15/03/25,7888,329,254,583,2.10,277,4,0,8,378,J0,Ready,0,NOTGIVEN
225,UK702881102094,24/08/15,HF,8,05/03/25,8476,382,300,682,2.38,287,4,0,97,363,J0,Ready,0,UNKNOWN
255,UK702881102087,21/08/15,HF,8,13/02/25,7088,305,263,569,1.86,307,4,4,1981,373,J0,Ready,0,UNKNOWN
299,UK702881202536,12/09/16,HF,8,21/02/25,7856,368,306,675,2.26,299,4,0,34,379,J0,Ready,0,UNKNOWN
314,UK702881702303,16/02/16,HF,8,11/03/25,7473,350,268,619,2.20,281,4,0,91,388,J0,Ready,0,NOTGIVEN
317,UK702881202543,15/09/16,HF,8,12/02/25,7067,322,292,615,2.01,308,4,0,34,342,J5,Ready,0,UNKNOWN
325,UK702881602393,19/03/16,HF,8,01/03/25,7867,294,298,593,2.04,291,4,0,84,381,J0,Ready,0,NOTGIVEN
306,UK702881502140,05/09/15,HF,8,01/04/25,7449,360,285,646,2.48,260,4,0,16,392,J0,Ready,0,NOTGIVEN
457,UK702881202438,06/08/16,HF,8,14/03/25,7446,339,281,621,2.23,278,4,0,60,389,J0,Ready,0,UNKNOWN
53,UK702881502700,23/02/17,HF,7,19/02/25,8062,329,308,637,2.12,301,4,3,666,368,J0,Ready,0,UNKNOWN
85,UK702881402706,25/02/17,HF,7,12/02/25,8012,420,323,744,2.44,308,4,0,29,356,J0,Ready,0,UNKNOWN
97,UK702881302670,16/02/17,HF,7,20/03/25,8046,387,285,672,2.47,272,4,0,12,411,J0,Ready,0,UNKNOWN
420,UK702881302992,09/02/18,HF,7,18/02/25,7713,384,327,711,2.35,302,4,0,69,370,J0,Ready,0,UNKNOWN
390,UK702881302845,12/02/18,HF,6,10/02/25,8016,430,318,749,2.44,310,4,0,26,357,J0,Ready,0,UNKNOWN
395,UK702881202823,05/02/18,HF,6,25/02/25,7073,398,313,712,2.41,295,3,0,26,390,J0,Ready,0,UNKNOWN
370,UK702881203068,23/02/18,HF,6,01/05/25,6521,292,217,509,2.21,230,3,0,20,425,J0,Ready,0,UNKNOWN
374,UK702881302943,05/02/18,HF,6,26/02/25,8967,343,313,657,2.23,294,4,0,36,379,J0,Ready,0,UNKNOWN
375,UK702881402881,02/05/18,HF,6,10/02/25,9288,291,324,616,2.01,310,4,0,18,356,J0,Ready,0,UNKNOWN
376,UK702881203061,19/02/18,HF,6,05/03/25,8092,361,329,691,2.41,287,4,0,110,394,J0,Ready,0,UNKNOWN
454,UK702881403112,02/03/18,HF,6,14/02/25,7970,362,313,676,2.22,306,4,0,111,347,J0,Ready,0,UNKNOWN
477,UK702881303097,26/02/18,HF,6,05/03/25,7221,315,275,591,2.06,287,3,0,21,351,J0,Ready,0,UNKNOWN
478,UK702881702989,01/03/18,HF,6,11/03/25,8115,299,301,601,2.14,281,4,3,370,369,J0,Ready,0,UNKNOWN
479,UK702881302866,16/02/18,HF,6,14/03/25,6762,239,254,494,1.78,278,4,0,20,374,J0,Ready,0,UNKNOWN
482,UK702881303055,16/02/18,HF,6,14/02/25,6802,281,278,559,1.83,306,4,4,1821,379,J0,Ready,0,UNKNOWN
487,UK702881402853,14/02/18,HF,6,19/02/25,8015,378,311,689,2.29,301,4,0,94,366,J0,Ready,0,UNKNOWN
488,UK702881502798,30/01/18,HF,6,10/02/25,6357,371,289,660,2.15,310,4,0,35,354,J0,Ready,0,UNKNOWN
489,UK702881602869,16/02/18,HF,6,19/02/25,7874,288,292,580,1.93,301,4,0,29,383,J0,Ready,0,UNKNOWN
490,UK702881202837,10/02/18,HF,6,01/03/25,8623,382,304,686,2.36,291,4,0,26,394,J0,Ready,0,UNKNOWN
494,UK713572300924,17/02/18,HF,6,06/02/25,6936,287,262,550,1.78,314,4,3,486,358,J0,Ready,0,BUSTER
495,UK702881303027,14/02/18,HF,6,11/03/25,7575,306,292,599,2.13,281,4,0,24,364,J0,Ready,0,UNKNOWN
497,UK702881702814,04/02/18,HF,6,25/02/25,7520,326,312,638,2.16,295,4,0,21,384,J0,Ready,0,UNKNOWN
505,UK702881602911,31/01/18,HF,6,18/02/25,8086,378,290,669,2.22,302,4,0,16,378,J0,Ready,0,UNKNOWN
507,UK713572300917,16/02/18,J,6,10/02/25,8245,369,320,689,2.26,310,4,0,29,370,J0,Ready,0,RILEY
519,UK713572600899,14/02/18,HF,6,21/02/25,8017,363,272,636,2.13,299,4,0,75,372,J0,Ready,0,FRIESIAN
521,UK702881303041,15/02/18,HF,6,10/02/25,6224,308,261,570,1.85,310,4,0,44,362,J4,Ready,0,UNKNOWN
524,UK702881502805,03/02/18,HF,6,24/03/25,7077,331,294,626,2.34,268,4,0,108,402,J0,Ready,0,UNKNOWN
525,UK702881203075,22/02/18,HF,6,06/02/25,6239,236,256,493,1.61,314,4,0,45,330,J0,Ready,0,UNKNOWN
530,UK702881102955,06/02/18,HF,6,19/02/25,9323,370,308,678,2.25,301,4,0,136,352,J0,Ready,0,UNKNOWN
536,UK702881603016,09/02/18,HF,6,03/03/25,7097,335,313,648,2.24,289,4,0,16,392,J0,Ready,0,UNKNOWN
538,UK702881302873,18/02/18,HF,6,01/04/25,6098,295,225,521,2.00,260,4,0,27,419,J0,Ready,0,UNKNOWN
539,UK702881402846,12/02/18,HF,6,12/02/25,7534,353,302,656,2.15,308,3,0,27,372,J0,Ready,0,UNKNOWN
542,UK702881703017,12/02/18,HF,6,14/02/25,9249,390,347,738,2.42,306,3,0,111,379,J0,Ready,0,UNKNOWN
543,UK702881202942,04/02/18,HF,6,12/02/25,6275,304,275,580,1.90,308,4,0,38,372,J0,Ready,0,UNKNOWN
546,UK702881402888,02/03/18,HF,6,16/02/25,9348,341,328,670,2.20,304,4,1,107,346,J0,Ready,0,UNKNOWN
550,UK713572401576,03/03/18,J,6,01/03/25,6898,332,287,619,2.13,291,4,0,17,375,J0,Ready,0,(mainlan
557,UK702881402902,31/01/18,HF,6,12/02/25,8042,317,314,631,2.07,308,4,0,71,377,J0,Ready,0,UNKNOWN
558,UK713572700921,15/02/18,HF,6,25/02/25,7927,363,308,672,2.28,295,4,0,12,389,J0,Ready,0,RILEY
560,UK713572400799,24/01/18,HF,6,14/02/25,6905,319,293,613,2.01,306,4,0,42,374,J0,Ready,0,FRIESIAN
561,UK702881602799,30/01/18,HF,6,14/03/25,7321,344,284,629,2.26,278,4,0,24,409,J0,Ready,0,UNKNOWN
562,UK702881102990,08/02/18,HF,6,01/03/25,6536,319,308,628,2.16,291,3,0,17,387,J0,Ready,0,UNKNOWN
565,UK713572701572,28/02/18,HF,6,19/02/25,7880,287,273,560,1.86,301,4,0,66,366,J0,Ready,0,UNKNOWN
568,UK713572201567,28/02/18,HF,6,14/03/25,6908,339,288,627,2.26,278,4,0,12,394,J0,Ready,0,BUSTER
573,UK713572101573,28/02/18,HF,6,20/02/25,6886,344,262,606,2.02,300,4,0,21,370,J0,Ready,0,HOLSTEIN
575,UK713572500870,08/02/18,HF,6,10/02/25,7928,338,326,664,2.17,310,4,1,123,328,J0,Ready,0,UNKNOWN
576,UK713572100922,17/02/18,HF,6,19/02/25,8730,392,281,674,2.24,301,4,0,38,379,J4,Ready,0,FRIESIAN
593,UK702881603051,17/02/18,AA,6,10/02/25,6085,389,264,654,2.14,310,3,0,105,357,J0,Ready,0,UNKNOWN
116,UK702881203096,06/03/18,HF,6,11/03/25,8640,354,330,684,2.43,281,4,0,56,392,J0,Ready,0,UNKNOWN
147,UK702881302810,05/02/18,HF,6,16/02/25,6518,312,263,575,1.89,304,4,0,77,372,J0,Ready,0,UNKNOWN
164,UK702881702828,05/02/18,HF,6,25/02/25,7217,289,281,571,1.94,295,4,0,49,384,J0,Ready,0,UNKNOWN
87,UK702881503057,17/02/18,HF,6,27/01/25,7857,308,292,601,1.95,324,4,0,14,340,J0,Ready,0,UNKNOWN
89,UK702881403063,14/02/18,HF,6,13/02/25,7960,402,346,748,2.45,307,4,0,21,360,J0,Ready,0,UNKNOWN
55,UK702881502959,06/02/18,HF,6,25/03/25,6232,291,269,560,2.10,267,4,0,27,382,J0,Ready,0,UNKNOWN
58,UK713572501556,01/03/18,HF,6,25/03/25,6871,297,256,554,2.07,267,4,0,148,407,J0,Ready,0,FRIESIAN
41,UK702881502910,31/01/18,HF,6,01/05/25,4320,156,183,339,1.47,230,3,0,46,450,J0,Ready,0,UNKNOWN
334,UK702881602953,05/02/18,HF,6,12/02/25,7484,253,291,545,1.78,308,4,1,79,324,J0,Ready,0,UNKNOWN
300,UK702881703157,10/03/18,HF,6,14/02/25,7934,264,336,600,1.97,306,4,3,482,370,J0,Ready,0,UNKNOWN
287,UK702881702779,29/01/18,HF,6,12/02/25,7392,355,305,660,2.16,308,4,0,17,317,J0,Ready,0,UNKNOWN
294,UK713572401555,01/03/18,HF,6,10/02/25,7404,286,268,554,1.82,310,4,0,54,369,J0,Ready,0,HOLSTEIN
248,UK702881703115,03/03/18,HF,6,04/03/25,8033,289,297,586,2.03,288,4,0,17,362,J0,Ready,0,UNKNOWN
297,UK702881503099,01/03/18,HF,6,25/02/25,7711,312,305,617,2.09,295,4,1,110,385,J0,Ready,0,UNKNOWN
269,UK702881602806,05/02/18,HF,6,06/02/25,7169,276,310,586,1.92,314,4,0,13,341,J0,Ready,0,UNKNOWN
271,UK702881703010,12/02/18,HF,6,01/03/25,8011,313,289,603,2.07,291,4,0,29,375,J0,Ready,0,UNKNOWN
272,UK702881103004,11/02/18,HF,6,14/02/25,6466,269,263,533,1.75,306,4,0,17,352,J0,Ready,0,UNKNOWN
515,UK702881302880,21/02/18,HF,6,25/02/25,7456,349,307,657,2.23,295,4,0,16,374,J0,Ready,0,UNKNOWN
467,UK702881103025,13/02/18,HF,6,01/04/25,6862,335,280,616,2.37,260,4,0,108,407,J0,Ready,0,UNKNOWN
469,UK702881402811,05/02/18,HF,6,06/02/25,6581,341,273,614,2.00,314,4,0,101,350,J0,Ready,0,UNKNOWN
470,UK702881303090,04/03/18,HF,6,29/03/25,7413,313,271,584,2.22,263,4,0,24,406,J0,Ready,0,UNKNOWN
472,UK713572701558,01/03/18,HF,6,26/02/25,8746,361,321,682,2.32,294,4,0,17,331,J0,Ready,0,HOLSTEIN
473,UK702881203040,15/02/18,HF,6,09/02/25,7809,377,288,665,2.15,311,4,0,29,327,J0,Ready,0,UNKNOWN
474,UK702881502973,08/02/18,HF,6,14/03/25,8828,485,330,815,2.93,278,4,0,18,407,J0,Ready,0,UNKNOWN
840,UK209357601778,18/02/18,J,6,06/02/25,6212,334,272,606,1.97,314,4,1,144,327,J4,Ready,0,POWER
362,UK702881402797,30/01/18,HF,6,10/02/25,7956,347,318,666,2.18,310,4,0,15,322,J0,Ready,0,UNKNOWN
402,UK702881102871,18/02/18,HF,5,20/03/25,6895,279,246,525,1.93,272,4,0,85,399,J0,Ready,0,UNKNOWN
517,UK702881303482,22/02/19,HF,5,01/04/25,6814,299,248,548,2.11,260,3,0,34,384,J0,Ready,0,UNKNOWN
465,UK702881403252,03/02/19,HF,5,07/03/25,8290,432,331,763,2.68,285,4,0,26,359,J0,Ready,0,UNKNOWN
82,UK702881203257,04/02/19,HF,5,11/02/25,8580,317,295,612,2.01,309,4,0,28,358,J0,Ready,0,UNKNOWN
273,UK702881203502,25/02/19,HF,5,15/03/25,8180,348,314,663,2.39,277,4,0,24,408,J0,Ready,0,UNKNOWN
229,UK702881603338,07/02/19,HF,5,01/04/25,6978,308,284,593,2.28,260,4,0,25,412,J0,Ready,0,UNKNOWN
230,UK702881203390,15/02/19,HF,5,14/03/25,6959,308,245,553,1.99,278,4,0,31,380,J0,Ready,0,UNKNOWN
239,UK702881303363,15/02/19,HF,5,03/03/25,7307,368,316,684,2.37,289,4,1,127,396,J0,Ready,0,UNKNOWN
246,UK702881103368,11/02/19,HF,5,14/03/25,7514,322,262,585,2.10,278,4,0,33,366,J0,Ready,0,UNKNOWN
295,UK702881703262,04/02/19,HF,5,28/02/25,8647,333,325,659,2.26,292,4,0,44,380,J0,Ready,0,UNKNOWN
262,UK702881703374,12/02/19,HF,5,01/03/25,7404,307,276,583,2.00,291,4,0,107,376,J0,Ready,0,UNKNOWN
265,UK702881403490,23/02/19,HF,5,21/02/25,7980,342,312,654,2.19,299,4,3,290,381,J0,Ready,0,UNKNOWN
283,UK702881103389,14/02/19,HF,5,09/02/25,8244,401,345,747,2.43,311,4,0,17,365,J0,Ready,0,UNKNOWN
302,UK702881403357,11/02/19,HF,5,19/02/25,7136,382,294,676,2.25,301,3,0,41,379,J0,Ready,0,UNKNOWN
326,UK702881703479,22/02/19,HF,5,12/02/25,8158,350,329,679,2.22,308,4,1,83,370,J0,Ready,0,UNKNOWN
309,UK702881203278,05/02/19,HF,5,19/02/25,8672,387,351,738,2.45,301,4,0,12,359,J0,Ready,0,UNKNOWN
339,UK702881203243,04/02/19,HF,5,06/02/25,7947,314,332,647,2.11,314,4,0,29,358,J0,Ready,0,UNKNOWN
351,UK702881303370,11/02/19,HF,5,25/03/25,6524,258,270,529,1.98,267,4,0,26,405,J0,Ready,0,UNKNOWN
353,UK702881303307,07/02/19,HF,5,10/02/25,8819,437,325,762,2.49,310,4,0,17,371,J0,Ready,0,UNKNOWN
358,UK702881503309,07/02/19,HF,5,18/02/25,7573,265,282,547,1.81,302,4,1,221,378,J0,Ready,0,UNKNOWN
13,UK702881203334,09/02/19,HF,5,01/03/25,8758,386,341,727,2.50,291,4,0,31,364,J0,Ready,0,UNKNOWN
14,UK702881103256,01/02/19,HF,5,19/02/25,8127,348,316,665,2.21,301,4,0,24,382,J0,Ready,0,UNKNOWN
73,UK702881403406,15/02/19,HF,5,19/02/25,7896,390,339,729,2.42,301,4,0,24,359,J0,Ready,0,UNKNOWN
221,UK702881103487,20/02/19,HF,5,01/05/25,5704,277,204,481,2.09,230,3,0,40,408,J0,Ready,0,UNKNOWN
224,UK702881603387,14/02/19,HF,5,10/02/25,7677,412,323,736,2.40,310,4,0,70,368,J0,Ready,0,UNKNOWN
210,UK702881503372,12/02/19,HF,5,10/02/25,7388,367,304,672,2.19,310,4,1,700,364,J0,Ready,0,UNKNOWN
162,UK702881403308,07/02/19,HF,5,07/03/25,6848,286,279,565,1.98,285,4,0,14,401,J0,Ready,0,UNKNOWN
126,UK702881203383,14/02/19,HF,5,19/02/25,8461,305,312,618,2.05,301,4,0,13,379,J0,Ready,0,UNKNOWN
98,UK702881503379,12/02/19,HF,5,01/02/25,7526,390,313,703,2.30,319,4,0,30,351,J0,Ready,0,UNKNOWN
107,UK702881203285,06/02/19,HF,5,21/02/25,7756,309,322,632,2.11,299,4,0,112,373,J0,Ready,0,UNKNOWN
1480,UK702881103340,10/02/19,HF,5,11/03/25,7535,357,299,657,2.34,281,4,0,19,369,J0,Ready,0,UNKNOWN
1800,UK702881103473,20/02/19,HF,5,12/02/25,8158,365,347,713,2.33,308,4,2,218,350,J0,Ready,0,UNKNOWN
201,UK702881603464,20/02/19,HF,5,12/02/25,7951,360,322,683,2.24,308,4,0,23,358,J0,Ready,0,UNKNOWN
231,UK702881503344,10/02/19,HF,5,11/03/25,8961,291,306,598,2.13,281,4,0,23,362,J0,Ready,0,UNKNOWN
266,UK702881303517,26/02/19,HF,5,29/03/25,7740,334,287,621,2.36,263,4,0,15,397,J0,Ready,0,UNKNOWN
342,UK702881403392,14/02/19,HF,5,17/02/25,8007,416,305,722,2.38,303,4,1,511,369,J0,Ready,0,UNKNOWN
4220,UK702881203264,04/02/19,HF,5,20/03/25,7561,331,306,638,2.35,272,4,0,10,371,J0,Ready,0,UNKNOWN
3830,UK702881603569,18/03/19,HF,5,06/02/25,8354,286,328,614,2.01,314,4,0,32,353,J0,Ready,0,UNKNOWN
3250,UK702881403497,07/03/19,MS,5,11/03/25,7689,302,296,598,2.13,281,4,0,12,374,J0,Ready,0,UNKNOWN
511,UK702881203320,09/02/19,HF,5,10/02/25,7886,287,317,605,1.97,310,4,0,35,374,J0,Ready,0,UNKNOWN
434,UK702881403350,11/02/19,HF,5,21/02/25,8343,303,331,634,2.12,299,4,0,35,385,J0,Ready,0,UNKNOWN
452,UK702881203474,21/02/19,HF,5,14/02/25,6706,292,302,595,1.95,306,4,1,175,361,J0,Ready,0,UNKNOWN
384,UK702881203537,28/02/19,HF,5,01/04/25,6666,346,263,609,2.34,260,3,0,52,400,J0,Ready,0,UNKNOWN
400,UK702881603331,10/02/19,HF,5,25/02/25,8392,312,307,620,2.10,295,4,0,71,374,J0,Ready,0,UNKNOWN
423,UK702881303321,10/02/19,HF,5,25/02/25,7740,381,346,727,2.46,295,4,3,1044,337,J0,Ready,0,UNKNOWN
419,UK702881503498,23/02/19,HF,5,07/03/25,6312,332,264,597,2.09,285,4,0,16,386,J0,Ready,0,UNKNOWN
1,UK702881103977,01/03/20,H,4,06/02/25,6635,268,273,541,1.77,314,4,0,25,330,J0,Ready,0,HEREFORD
153,UK702881403882,16/02/20,H,4,17/02/25,7331,298,280,579,1.91,303,4,0,19,364,J0,Ready,0,UNKNOWN
154,UK702881103893,18/02/20,H,4,18/02/25,8276,359,310,669,2.22,302,4,1,120,365,J0,Ready,0,UNKNOWN
99,UK702881103963,26/02/20,H,4,09/02/25,7277,263,260,523,1.71,311,4,0,37,333,J0,Ready,0,UNKNOWN
106,UK702881703745,07/02/20,HF,4,19/02/25,7620,375,307,682,2.27,301,4,0,15,375,J0,Ready,0,UNKNOWN
108,UK702881503904,19/02/20,HF,4,18/02/25,8186,366,341,708,2.34,302,4,0,35,342,J0,Ready,0,UNKNOWN
112,UK702881203726,07/02/20,HF,4,03/03/25,6392,295,269,564,1.95,289,4,1,117,389,J0,Ready,0,UNKNOWN
128,UK702881403756,07/02/20,HF,4,25/02/25,7706,276,331,607,2.06,295,4,0,59,343,J0,Ready,0,UNKNOWN
133,UK702881603814,12/02/20,HF,4,26/02/25,8305,295,296,592,2.01,294,4,0,33,378,J0,Ready,0,UNKNOWN
134,UK702881503960,26/02/20,H,4,05/03/25,7446,277,244,521,1.82,287,4,0,43,351,J0,Ready,0,UNKNOWN
139,UK702881203887,18/02/20,H,4,20/02/25,9176,359,305,665,2.22,300,4,0,46,358,J0,Ready,0,UNKNOWN
23,UK702881503848,14/02/20,HF,4,09/02/25,8082,308,323,631,2.06,311,4,0,21,355,J0,Ready,0,HEREFORD
28,UK702881504023,09/03/20,H,4,12/02/25,7740,223,283,507,1.66,308,4,4,583,370,J0,Ready,0,HEREFORD
63,UK702881303706,03/02/20,HF,4,19/02/25,9153,390,338,728,2.42,301,4,0,23,365,J0,Ready,0,UNKNOWN
64,UK702881603730,06/02/20,HF,4,05/04/25,7925,323,317,640,2.50,256,4,0,22,431,J0,Ready,0,UNKNOWN
65,UK702881603835,13/02/20,HF,4,24/03/25,6758,329,259,589,2.20,268,4,0,15,370,J4,Ready,0,UNKNOWN
68,UK702881103970,26/02/20,H,4,12/02/25,6790,272,285,558,1.82,308,4,0,31,372,J0,Ready,0,UNKNOWN
46,UK702881403945,23/02/20,H,4,18/02/25,8049,354,298,652,2.16,302,4,0,34,378,J0,Ready,0,HEREFORD
48,UK702881403840,14/02/20,HF,4,03/03/25,7850,327,318,645,2.23,289,4,0,18,392,J0,Ready,0,HEREFORD
169,UK702881703836,13/02/20,HF,4,20/02/25,8734,345,321,667,2.22,300,4,0,90,338,J0,Ready,0,UNKNOWN
171,UK702881503946,23/02/20,H,4,05/03/25,7918,374,305,680,2.37,287,4,0,17,363,J0,Ready,0,UNKNOWN
176,UK702881603695,28/01/20,HF,4,14/03/25,7969,311,267,578,2.08,278,4,0,102,375,J0,Ready,0,UNKNOWN
189,UK702881403812,12/02/20,HF,4,01/04/25,8352,369,303,672,2.58,260,4,0,52,412,J0,Ready,0,UNKNOWN
184,UK702881103942,23/02/20,H,4,09/02/25,8356,311,318,630,2.05,311,4,1,53,339,J0,Ready,0,UNKNOWN
194,UK702881303860,16/02/20,H,4,01/03/25,7256,349,294,643,2.21,291,4,1,150,396,J0,Ready,0,UNKNOWN
205,UK702881203754,07/02/20,H,4,26/02/25,6958,299,263,563,1.91,294,4,0,81,373,J0,Ready,0,UNKNOWN
206,UK702881603709,03/02/20,HF,4,05/03/25,7177,309,290,599,2.09,287,4,0,12,387,J0,Ready,0,UNKNOWN
197,UK702881203747,07/02/20,HF,4,25/02/25,7229,340,298,639,2.17,295,4,0,12,337,J0,Ready,0,UNKNOWN
199,UK702881703710,02/02/20,HF,4,16/02/25,8862,323,305,628,2.07,304,4,1,116,368,J0,Ready,0,UNKNOWN
228,UK702881503715,03/02/20,H,4,02/03/25,8507,324,306,630,2.17,290,4,1,194,388,J0,Ready,0,UNKNOWN
234,UK702881203719,03/02/20,HF,4,03/02/25,7719,274,314,588,1.92,317,4,0,32,350,J0,Ready,0,UNKNOWN
252,UK702881103697,27/01/20,HF,4,06/02/25,7596,310,297,607,1.98,314,3,0,28,362,J0,Ready,0,UNKNOWN
257,UK702881603793,11/02/20,HF,4,16/02/25,7626,299,284,583,1.92,304,4,0,23,363,J0,Ready,0,UNKNOWN
258,UK702881303944,23/02/20,H,4,26/02/25,7146,330,294,624,2.12,294,3,0,18,373,J0,Ready,0,UNKNOWN
263,UK702881603940,23/02/20,H,4,12/02/25,9659,349,350,699,2.29,308,4,0,83,358,J0,Ready,0,UNKNOWN
56,UK702881703752,07/02/20,HF,4,11/02/25,8282,354,365,720,2.36,309,4,0,40,371,J0,Ready,0,UNKNOWN
143,UK702881303727,06/02/20,HF,4,03/02/25,8317,405,315,720,2.34,317,4,0,53,349,J0,Ready,0,UNKNOWN
183,UK702881603961,26/02/20,H,4,05/03/25,7279,362,277,640,2.23,287,4,0,19,380,J0,Ready,0,UNKNOWN
122,UK702881503841,14/02/20,HF,4,11/02/25,8700,390,347,738,2.41,309,4,1,124,375,J0,Ready,0,UNKNOWN
304,UK702881303734,06/02/20,HF,4,07/03/25,7450,321,281,603,2.12,285,4,0,38,391,J0,Ready,0,UNKNOWN
315,UK702881303895,18/02/20,H,4,01/03/25,7780,344,293,637,2.19,291,4,0,21,390,J0,Ready,0,UNKNOWN
480,UK209357302482,17/02/20,HF,4,15/02/25,7083,323,318,641,2.10,305,4,0,60,370,J0,Ready,0,PRELUDE
320,UK702881703766,09/02/20,HF,4,21/02/25,7844,334,311,645,2.16,299,4,0,23,356,J0,Ready,0,UNKNOWN
328,UK702881103998,02/03/20,H,4,01/03/25,7984,303,290,593,2.04,291,3,0,50,388,J0,Ready,0,UNKNOWN
330,UK702881403924,21/02/20,H,4,09/02/25,7205,360,305,665,2.17,311,4,0,60,378,J0,Ready,0,UNKNOWN
270,UK702881103991,01/03/20,H,4,17/03/25,8173,315,299,614,2.23,275,4,0,26,404,J0,Ready,0,UNKNOWN
279,UK702881603751,07/02/20,HF,4,25/02/25,7459,226,301,528,1.79,295,4,1,51,381,J0,Ready,0,UNKNOWN
289,UK702881303818,12/02/20,HF,4,10/02/25,7835,270,289,559,1.83,310,4,4,3517,368,J0,Ready,0,UNKNOWN
291,UK702881503897,18/02/20,H,4,14/02/25,6497,339,267,607,1.99,306,3,0,41,374,J0,Ready,0,UNKNOWN
9,UK702881404414,23/02/21,J,3,26/02/25,5980,276,258,535,1.82,294,4,0,54,386,J0,Ready,0,UNKNOWN
70,UK702881404505,07/03/21,JZ,3,01/04/25,6027,314,268,583,2.24,260,4,0,145,413,J0,Ready,0,UNKNOWN
92,UK702881704186,24/01/21,J,3,09/02/25,8046,389,342,731,2.39,311,4,0,20,353,J0,Ready,0,UNKNOWN
705,UK209357402763,06/02/21,J,3,12/02/25,7170,364,322,686,2.25,308,4,0,20,359,J0,Ready,0,KARTELL
725,UK209357102781,14/02/21,J,3,22/02/25,6966,343,270,614,2.06,298,4,0,53,347,J5,Ready,0,KARTELL
768,UK209357102823,25/02/21,HF,3,18/02/25,7170,291,284,575,1.90,302,3,0,26,353,J0,Ready,0,CRITICAL
142,UK702881304182,22/01/21,J,3,06/02/25,7237,400,315,716,2.34,314,4,0,41,364,J0,Ready,0,UNKNOWN
172,UK702881704522,10/03/21,J,3,19/02/25,6567,386,279,665,2.21,301,4,0,31,352,J4,Ready,0,UNKNOWN
398,UK702881404211,02/02/21,HF,3,12/02/25,6928,340,296,636,2.07,308,4,1,91,372,J0,Ready,0,UNKNOWN
387,UK702881104187,24/01/21,J,3,26/02/25,7271,358,296,655,2.23,294,4,0,24,359,J0,Ready,0,UNKNOWN
140,UK702881704431,24/02/21,HF,3,18/02/25,8581,381,323,705,2.33,302,4,0,13,362,J0,Ready,0,UNKNOWN
132,UK702881104229,04/02/21,J,3,20/02/25,7621,355,288,643,2.14,300,4,0,20,358,J0,Ready,0,UNKNOWN
110,UK702881404337,14/02/21,J,3,26/02/25,7821,341,298,639,2.17,294,4,0,63,359,J0,Ready,0,UNKNOWN
71,UK702881404484,01/03/21,J,3,14/02/25,8047,363,328,692,2.27,306,4,3,426,332,J0,Ready,0,UNKNOWN
149,UK702881404351,14/02/21,J,3,03/02/25,7444,388,269,658,2.14,317,4,0,31,343,J0,Ready,0,UNKNOWN
34,UK702881204356,16/02/21,J,3,18/02/25,7978,407,342,749,2.48,302,4,0,30,384,J0,Ready,0,UNKNOWN
209,UK702881404197,28/01/21,J,3,20/02/25,8527,423,357,780,2.60,300,3,0,21,381,J0,Ready,0,UNKNOWN
181,UK702881504184,24/01/21,J,3,14/02/25,7490,377,338,716,2.35,306,4,0,24,338,J0,Ready,0,UNKNOWN
357,UK702881704207,01/02/21,HF,3,19/02/25,7539,319,313,633,2.10,301,4,0,18,378,J0,Ready,0,UNKNOWN
238,UK702881304336,14/02/21,H,3,10/02/25,7861,347,307,655,2.13,310,4,1,152,368,J0,Ready,0,UNKNOWN
39,UK702881204475,27/02/21,H,3,10/02/25,7515,341,293,634,2.08,310,4,0,36,357,J0,Ready,0,UNKNOWN
396,UK702881104390,19/02/21,H,3,12/02/25,7749,299,304,603,1.97,308,4,0,55,359,J0,Ready,0,UNKNOWN
40,UK702881204244,08/02/21,J,3,05/03/25,6994,322,277,599,2.09,287,4,0,43,366,J0,Ready,0,UNKNOWN
305,UK702881504345,10/02/21,HF,3,11/02/25,8858,378,346,724,2.37,309,4,0,14,371,J0,Ready,0,UNKNOWN
72,UK702881104208,01/02/21,J,3,21/02/25,7186,359,305,664,2.22,299,4,0,22,381,J0,Ready,0,UNKNOWN
104,UK702881204223,03/02/21,J,3,10/02/25,7697,370,314,685,2.25,310,4,0,57,356,J0,Ready,0,UNKNOWN
360,UK702881104383,19/02/21,J,3,14/02/25,7140,356,290,646,2.11,306,4,0,20,361,J0,Ready,0,UNKNOWN
365,UK702881304231,05/02/21,HF,3,21/02/25,7463,413,316,729,2.44,299,3,0,44,374,J0,Ready,0,UNKNOWN
331,UK702881204419,23/02/21,J,3,03/02/25,6958,323,290,613,1.99,317,4,0,33,349,J0,Ready,0,UNKNOWN
399,UK702881704375,17/02/21,H,3,01/04/25,5814,306,237,543,2.09,260,4,0,25,418,J0,Ready,0,UNKNOWN
373,UK702881104418,23/02/21,J,3,03/02/25,8037,370,318,689,2.24,317,4,0,42,363,J0,Ready,0,UNKNOWN
165,UK702881604339,14/02/21,H,3,14/02/25,7619,299,310,610,2.00,306,4,0,41,374,J0,Ready,0,UNKNOWN
346,UK702881104481,01/03/21,H,3,24/03/25,6459,297,257,555,2.07,268,4,0,7,382,J0,Ready,0,UNKNOWN
19,UK702881404421,21/02/21,H,3,02/02/25,7800,395,323,719,2.40,318,4,0,34,361,J0,Ready,0,UNKNOWN
382,UK702881104299,12/02/21,H,3,12/02/25,6464,326,297,623,2.04,308,3,0,34,363,J0,Ready,0,UNKNOWN
8,UK702881504373,17/02/21,H,3,10/02/25,6890,288,303,591,1.93,310,4,0,39,375,J0,Ready,0,UNKNOWN
47,UK702881704382,19/02/21,H,3,17/02/25,8498,340,319,660,2.18,303,4,0,8,341,J0,Ready,0,UNKNOWN
124,UK702881604241,10/02/21,HF,3,14/02/25,7219,370,306,676,2.22,306,4,0,43,372,J0,Ready,0,UNKNOWN
308,UK702881304287,12/02/21,HF,3,26/02/25,7616,351,326,677,2.30,294,4,0,46,372,J0,Ready,0,UNKNOWN
347,UK702881104432,24/02/21,J,3,12/02/25,6871,353,273,627,2.05,308,4,0,34,345,J0,Ready,0,UNKNOWN
144,UK702881104334,14/02/21,H,3,16/02/25,8074,304,299,604,1.99,304,4,0,21,376,J0,Ready,0,UNKNOWN
235,UK702881204230,04/02/21,HF,3,03/03/25,7275,367,311,679,2.35,289,4,0,16,396,J0,Ready,0,UNKNOWN
170,UK702881304378,17/02/21,J,3,05/03/25,7005,332,270,603,2.10,287,4,0,17,385,J0,Ready,0,UNKNOWN
354,UK702881204181,22/01/21,J,3,19/02/25,6665,358,296,654,2.17,301,3,0,59,385,J0,Ready,0,UNKNOWN
249,UK702881404232,05/02/21,J,3,20/02/25,5845,298,225,523,1.74,300,3,0,61,373,J0,Ready,0,UNKNOWN
323,UK702881504436,27/02/21,H,3,20/02/25,6390,305,275,581,1.94,300,4,0,44,353,J0,Ready,0,UNKNOWN
260,UK702881404239,06/02/21,J,3,20/02/25,6434,335,263,599,2.00,300,3,0,33,353,J0,Ready,0,UNKNOWN
111,UK702881604472,27/02/21,H,3,05/03/25,7636,363,289,652,2.27,287,4,0,21,380,J0,Ready,0,UNKNOWN
196,UK702881104411,21/02/21,J,3,01/03/25,6835,344,277,622,2.14,291,4,0,23,387,J0,Ready,0,UNKNOWN
259,UK702881104404,21/02/21,H,3,06/02/25,8651,354,314,669,2.19,314,4,0,18,370,J0,Ready,0,UNKNOWN
208,UK702881604206,01/02/21,HF,3,10/02/25,7973,388,341,729,2.38,310,4,0,107,376,J0,Ready,0,UNKNOWN
125,UK702881704417,23/02/21,J,3,20/02/25,7966,373,320,693,2.31,300,4,0,55,380,J0,Ready,0,UNKNOWN
233,UK702881404358,16/02/21,HF,3,26/02/25,6134,316,254,570,1.94,294,4,0,43,364,J0,Ready,0,UNKNOWN
67,UK702881204321,14/02/21,H,3,19/02/25,7951,393,333,726,2.41,301,4,0,12,357,J0,Ready,0,UNKNOWN
363,UK702881104278,12/02/21,J,3,12/02/25,7447,350,283,633,2.07,308,4,0,29,356,J0,Ready,0,UNKNOWN
203,UK702881604409,21/02/21,H,3,15/03/25,6457,344,289,633,2.29,277,4,0,22,355,J0,Ready,0,UNKNOWN
349,UK702881304189,24/01/21,J,3,18/02/25,7977,374,346,721,2.39,302,4,0,30,385,J0,Ready,0,UNKNOWN
264,UK702881104194,28/01/21,J,3,01/05/25,6160,304,243,547,2.38,230,3,0,9,430,J0,Ready,0,UNKNOWN
103,UK702881104250,08/02/21,HF,3,20/02/25,6882,340,299,640,2.13,300,4,0,19,367,J0,Ready,0,UNKNOWN
12,UK702881304329,13/02/21,J,3,17/02/25,6969,313,274,587,1.94,303,4,0,17,361,J0,Ready,0,UNKNOWN
2,UK702881604381,19/02/21,H,3,18/03/25,6705,317,267,584,2.13,274,4,0,25,358,J0,Ready,0,UNKNOWN
261,UK702881404267,10/02/21,HF,3,17/02/25,7392,337,302,640,2.11,303,4,0,19,378,J0,Ready,0,UNKNOWN
303,UK702881604353,16/02/21,HF,3,14/02/25,7171,323,302,625,2.05,306,4,0,28,333,J0,Ready,0,UNKNOWN
275,UK702881104236,06/02/21,HF,3,03/03/25,7088,370,304,674,2.33,289,3,0,35,343,J0,Ready,0,UNKNOWN
286,UK702881704403,21/02/21,HF,3,19/02/25,6862,295,278,573,1.90,301,4,0,22,377,J0,Ready,0,UNKNOWN
219,UK702881504275,10/02/21,J,3,21/02/25,7371,317,283,600,2.01,299,4,0,47,354,J0,Ready,0,UNKNOWN
352,UK702881504177,20/01/21,H,3,26/02/25,5853,313,267,580,1.97,294,4,0,11,385,J0,Ready,0,UNKNOWN
81,UK702881304476,27/02/21,J,3,20/03/25,6782,352,285,638,2.35,272,4,0,24,406,J0,Ready,0,UNKNOWN
175,UK702881304357,16/02/21,HF,3,10/02/25,9041,360,314,675,2.21,310,4,1,327,367,J0,Ready,0,UNKNOWN
256,UK702881304315,09/02/21,HF,3,20/02/25,7510,369,282,651,2.17,300,4,0,30,376,J0,Ready,0,UNKNOWN
245,UK702881204384,19/02/21,H,3,01/03/25,8391,395,317,713,2.45,291,4,0,21,389,J0,Ready,0,UNKNOWN
386,UK702881504415,23/02/21,HF,3,10/02/25,7645,367,308,676,2.21,310,4,0,14,366,J0,Ready,0,UNKNOWN
355,UK702881604234,05/02/21,HF,3,14/02/25,7481,348,291,639,2.09,306,3,0,12,379,J0,Ready,0,UNKNOWN
152,UK702881504387,19/02/21,H,3,01/04/25,6294,312,286,599,2.30,260,4,0,75,400,J0,Ready,0,UNKNOWN
378,UK702881604213,02/02/21,HF,3,10/02/25,7556,437,299,737,2.41,310,4,0,15,378,J0,Ready,0,UNKNOWN
93,UK702881204489,03/03/21,HF,3,21/02/25,6830,343,268,611,2.04,299,4,0,19,381,J0,Ready,0,UNKNOWN
42,UK702881504233,05/02/21,J,3,05/03/25,7843,311,309,621,2.16,287,4,0,11,357,J0,Ready,0,UNKNOWN
394,UK702881604220,03/02/21,J,3,01/04/25,6370,363,291,654,2.52,260,3,0,27,393,J0,Ready,0,UNKNOWN
57,UK702881604325,14/02/21,J,3,14/02/25,7474,306,319,626,2.05,306,4,1,40,370,J0,Ready,0,UNKNOWN
38,UK702881104327,25/03/21,HF,3,21/02/25,7780,329,295,625,2.09,299,4,0,11,385,J0,Ready,0,UNKNOWN
371,UK702881604283,12/02/21,H,3,05/03/25,8037,313,306,620,2.16,287,4,0,10,397,J0,Ready,0,UNKNOWN
240,UK702881604227,04/02/21,J,3,12/02/25,6647,375,292,668,2.19,308,4,0,30,368,J0,Ready,0,UNKNOWN
367,UK702881604332,14/02/21,H,3,14/02/25,7002,326,320,646,2.11,306,3,0,23,347,J0,Ready,0,UNKNOWN
359,UK702881604486,01/03/21,H,3,07/03/25,8014,351,304,655,2.30,285,4,0,24,387,J0,Ready,0,UNKNOWN
90,UK702881104474,27/02/21,H,3,26/02/25,8598,313,334,648,2.20,294,4,0,32,331,J0,Ready,0,UNKNOWN
338,UK702881104502,03/03/21,HF,3,21/02/25,7565,396,343,740,2.47,299,4,0,19,367,J0,Ready,0,UNKNOWN
379,UK702881604507,08/03/21,HF,3,09/02/25,8297,365,320,685,2.23,311,4,0,22,374,J0,Ready,0,UNKNOWN
247,UK702881404407,21/02/21,J,3,21/02/25,7039,321,284,606,2.03,299,4,0,12,386,J0,Ready,0,UNKNOWN
129,UK702881304210,02/02/21,H,3,21/02/25,7490,334,298,633,2.12,299,4,0,16,372,J0,Ready,0,UNKNOWN
32,UK702881604374,17/02/21,H,3,20/02/25,7745,372,316,688,2.29,300,4,0,61,373,J0,Ready,0,UNKNOWN
119,UK702881304413,21/02/21,J,3,26/02/25,6485,270,280,550,1.87,294,4,0,17,384,J0,Ready,0,UNKNOWN
223,UK702881204237,06/02/21,H,3,10/02/25,7130,333,302,636,2.08,310,3,0,26,345,J0,Ready,0,UNKNOWN
350,UK702881704333,14/02/21,HF,3,26/02/25,7540,334,299,633,2.15,294,4,0,26,384,J0,Ready,0,UNKNOWN
226,UK702881404246,07/02/21,H,3,05/03/25,6859,336,304,640,2.23,287,3,0,26,385,J0,Ready,0,UNKNOWN
16,UK702881704221,03/02/21,J,3,10/02/25,7153,332,315,648,2.11,310,4,0,33,376,J0,Ready,0,UNKNOWN
127,UK702881104509,10/03/21,HF,3,26/02/25,7536,379,284,664,2.26,294,3,0,27,386,J0,Ready,0,UNKNOWN
392,UK702881604402,21/02/21,J,3,06/02/25,8128,353,320,673,2.18,314,4,0,12,365,J0,Ready,0,UNKNOWN
241,UK702881204209,01/02/21,HF,3,24/03/25,8148,330,285,615,2.29,268,4,0,20,387,J0,Ready,0,UNKNOWN
377,UK702881104243,08/02/21,J,3,09/02/25,8070,310,299,609,1.98,311,4,0,25,369,J0,Ready,0,UNKNOWN
393,UK702881504212,02/02/21,HF,3,18/02/25,8255,313,306,619,2.05,302,4,0,21,383,J0,Ready,0,UNKNOWN
211,UK702881404176,20/01/21,J,3,03/02/25,6484,391,289,680,2.19,317,4,0,34,371,J0,Ready,0,UNKNOWN
180,UK702881504191,26/01/21,J,3,17/02/25,6805,422,331,754,2.49,303,4,0,53,350,J0,Ready,0,UNKNOWN
35,UK702881404330,13/02/21,J,3,17/02/25,7015,301,278,580,1.91,303,4,0,68,380,J0,Ready,0,UNKNOWN
200,UK702881204328,13/02/21,J,3,07/03/25,8333,357,308,665,2.33,285,4,0,46,393,J0,Ready,0,UNKNOWN
713,UK209357402770,10/02/21,HF,3,26/02/25,6775,279,245,525,1.79,294,4,0,41,362,J4,Ready,0,JAKS
130,UK702881403728,07/02/20,HF,3,18/02/25,7787,395,326,722,2.39,302,4,0,28,377,J0,Ready,0,UNKNOWN
335,UK702881404323,14/02/21,HF,3,06/02/25,8293,353,341,695,2.27,314,4,0,31,365,J0,Ready,0,UNKNOWN
50,UK702881705047,01/03/22,HF,2,10/02/25,6634,306,261,567,1.85,310,4,0,67,378,J0,Ready,0,FRIESIAN
74,UK702881304812,09/02/22,HF,2,05/03/25,5858,227,221,448,1.56,287,4,0,42,401,J0,Ready,0,FRIESIAN
145,UK702881604913,18/02/22,NK,2,05/03/25,6402,291,247,538,1.87,287,4,0,22,394,J0,Ready,0,UNKNOWN
292,UK702881504912,18/02/22,NK,2,10/02/25,6604,303,261,564,1.85,310,4,0,43,370,J0,Ready,0,UNKNOWN
25,UK702881104901,16/02/22,HF,2,16/02/25,7454,298,273,571,1.88,304,4,0,25,376,J0,Ready,0,FRIESIAN
290,UK702881405002,25/02/22,HF,2,06/02/25,6983,342,302,645,2.11,314,4,0,49,374,J0,Ready,0,FRIESIAN
95,UK702881204818,10/02/22,J,2,18/02/25,7072,363,269,632,2.09,302,4,0,14,365,J0,Ready,0,(mainlan
120,UK702881304966,23/02/22,HF,2,12/02/25,6556,309,268,577,1.89,308,4,0,18,372,J0,Ready,0,FRIESIAN
227,UK702881404820,10/02/22,HF,2,16/02/25,6710,315,248,564,1.86,304,4,0,38,378,J0,Ready,0,FRIESIAN
51,UK702881204741,05/02/22,HF,2,28/03/25,6476,296,251,547,2.07,264,3,0,17,423,J0,Ready,0,FRIESIAN
7,UK702881404988,28/02/22,NK,2,24/03/25,5697,313,239,552,2.06,268,4,0,25,414,J0,Ready,0,UNKNOWN
190,UK702881504842,13/02/22,HF,2,10/02/25,6658,355,273,629,2.05,310,4,0,51,377,J0,Ready,0,FRIESIAN
22,UK702881504982,26/02/22,NK,2,20/02/25,7197,375,289,664,2.21,300,4,0,16,372,J0,Ready,0,UNKNOWN
220,UK702881704984,26/02/22,NK,2,03/02/25,7242,334,294,628,2.03,317,4,0,48,371,J0,Ready,0,UNKNOWN
329,UK702881304987,28/02/22,NK,2,20/02/25,6705,308,269,577,1.92,300,4,0,38,388,J0,Ready,0,UNKNOWN
174,UK702881604682,24/01/22,J,2,01/03/25,7414,369,321,691,2.37,291,4,1,165,372,J0,Ready,0,(mainlan
37,UK702881504737,05/02/22,HF,2,06/02/25,7748,325,294,619,2.02,314,4,0,17,374,J0,Ready,0,FRIESIAN
31,UK702881305043,05/03/22,HF,2,01/03/25,6320,336,270,606,2.08,291,4,0,38,362,J0,Ready,0,FRIESIAN
322,UK702881204846,13/02/22,NK,2,07/03/25,7571,374,302,676,2.37,285,4,0,24,396,J0,Ready,0,UNKNOWN
319,UK702881504744,07/02/22,NK,2,19/02/25,6981,300,260,560,1.86,301,4,0,17,384,J0,Ready,0,UNKNOWN
136,UK702881104733,01/02/22,HF,2,16/02/25,7579,318,272,591,1.94,304,4,0,22,384,J0,Ready,0,FRIESIAN
222,UK702881304889,11/02/22,NK,2,10/02/25,6118,304,260,564,1.85,310,4,3,484,377,J0,Ready,0,UNKNOWN
274,UK702881204916,18/02/22,J,2,17/02/25,6899,297,282,579,1.91,303,4,0,19,376,J0,Ready,0,(mainlan
150,UK702881404827,13/02/22,J,2,19/02/25,6758,320,282,603,2.00,301,4,0,22,377,J0,Ready,0,(mainlan
45,UK702881504751,07/02/22,HF,2,07/03/25,7062,302,295,597,2.09,285,4,0,124,402,J0,Ready,0,FRIESIAN
217,UK702881604983,28/02/22,NK,2,14/02/25,6514,332,293,625,2.05,306,4,0,20,374,J0,Ready,0,UNKNOWN
277,UK702881404743,07/02/22,HF,2,10/02/25,8098,329,301,631,2.06,310,4,0,18,378,J0,Ready,0,FRIESIAN
381,UK702881504968,23/02/22,HF,2,18/03/25,6322,337,261,598,2.18,274,4,4,1216,411,J0,Ready,0,FRIESIAN
80,UK702881704907,15/02/22,HF,2,14/03/25,6620,298,244,543,1.95,278,4,2,264,375,J0,Ready,0,FRIESIAN
109,UK702881204888,11/02/22,HF,2,06/02/25,6048,274,253,527,1.73,314,4,0,26,366,J0,Ready,0,FRIESIAN
20,UK702881504688,27/01/22,J,2,06/02/25,7552,360,291,652,2.13,314,4,0,21,374,J0,Ready,0,(mainlan
158,UK702881104894,15/02/22,HF,2,01/04/25,6787,304,263,568,2.18,260,4,0,17,418,J0,Ready,0,FRIESIAN
182,UK702881304693,28/01/22,HF,2,19/02/25,7489,373,303,676,2.25,301,4,0,50,378,J0,Ready,0,FRIESIAN
321,UK702881605060,08/03/22,NK,2,21/02/25,6632,329,256,585,1.96,299,4,0,26,385,J0,Ready,0,UNKNOWN
113,UK702881204811,11/02/22,NK,2,08/03/25,6919,309,275,584,2.06,284,4,0,30,404,J0,Ready,0,UNKNOWN
69,UK702881304882,14/02/22,HF,2,18/02/25,7660,366,312,678,2.25,302,4,0,14,384,J0,Ready,0,FRIESIAN
3,UK702881104915,18/02/22,NK,2,06/02/25,6038,256,224,480,1.57,314,4,1,99,362,J0,Ready,0,UNKNOWN
344,UK702881105041,05/03/22,HF,2,03/03/25,5838,327,265,592,2.05,289,3,0,61,377,J0,Ready,0,FRIESIAN
348,UK702881504758,09/02/22,HF,2,06/02/25,6462,336,262,598,1.96,314,4,0,18,374,J0,Ready,0,FRIESIAN
819,UK209357703130,07/02/22,HF,2,19/02/25,7094,338,301,639,2.12,301,4,0,19,355,J0,Ready,0,BASS
887,UK209357103194,24/02/22,HF,2,22/02/25,7092,346,320,666,2.23,298,4,0,57,376,J0,Ready,0,OVERTIME
849,UK209357203160,16/02/22,HF,2,14/02/25,6276,316,238,555,1.82,306,4,0,57,353,J0,Ready,0,OVERTIME
835,UK209357303147,12/02/22,HF,2,28/02/25,5632,324,257,582,1.99,292,3,0,52,373,J0,Ready,0,SIERRA
833,UK209357103145,11/02/22,HF,2,13/02/25,6411,317,274,592,1.94,307,4,0,22,368,J0,Ready,0,CRITICAL
829,UK209357303140,10/02/22,HF,2,15/02/25,6736,360,288,649,2.13,305,4,0,23,364,J0,Ready,0,SIERRA
828,UK209357203139,09/02/22,HF,2,24/02/25,7150,316,295,611,2.06,296,4,0,19,347,J0,Ready,0,OVERTIME
826,UK209357703137,09/02/22,HF,2,21/02/25,6361,341,286,627,2.10,299,4,0,26,376,J0,Ready,0,BASS
838,UK209357603150,12/02/22,HF,2,26/02/25,6887,337,300,638,2.17,294,4,0,13,367,J0,Ready,0,CRITICAL
11,UK702881404897,17/02/22,HF,2,10/02/25,7217,386,305,691,2.26,310,4,0,18,368,J0,Ready,0,FRIESIAN
236,UK702881704886,14/02/22,NK,2,20/02/25,6216,286,253,540,1.80,300,4,0,30,360,J0,Ready,0,UNKNOWN
1835,UK209357503163,17/02/22,HF,2,23/02/25,7053,309,287,597,2.01,297,4,0,31,371,J0,Ready,0,CRITICAL
873,UK209357303182,21/02/22,J,2,27/02/25,6323,348,304,653,2.23,293,4,0,115,374,J0,Ready,0,KARTELL
827,UK209357103138,09/02/22,HF,2,21/02/25,7012,319,286,605,2.02,299,4,0,25,368,J0,Ready,0,CRITICAL
842,UK209357203153,13/02/22,HF,2,20/02/25,6408,326,250,576,1.92,300,4,0,18,372,J2,Ready,0,SIERRA
843,UK209357303154,13/02/22,HF,2,08/02/25,5512,291,259,550,1.79,312,4,0,74,331,J4,Ready,0,OVERTIME
366,UK702881504681,24/01/22,J,2,14/02/25,7011,376,307,684,2.24,306,4,0,20,354,J0,Ready,0,(mainlan
21,UK702881204986,26/02/22,NK,2,11/02/25,6091,311,271,582,1.91,309,4,2,474,329,J0,Ready,0,UNKNOWN
869,UK209357603178,20/02/22,HF,2,24/02/25,6553,360,293,653,2.21,296,4,0,23,370,J0,Ready,0,OVERTIME
276,UK702881704830,13/02/22,J,2,17/02/25,7597,372,324,697,2.30,303,4,0,14,385,J0,Ready,0,(mainlan
123,UK702881704690,28/01/22,HF,2,17/02/25,7113,310,279,589,1.94,303,4,0,20,384,J0,Ready,0,FRIESIAN
121,UK702881304917,21/02/22,NK,2,17/02/25,6889,291,262,554,1.83,303,4,0,30,385,J0,Ready,0,UNKNOWN
313,UK702881204755,06/02/22,HF,2,10/02/25,8293,285,296,582,1.90,310,4,0,35,343,J0,Ready,0,FRIESIAN
36,UK702881604829,13/02/22,HF,2,03/02/25,7866,324,309,634,2.07,317,4,0,18,372,J0,Ready,0,FRIESIAN
285,UK702881404813,11/02/22,HF,2,06/02/25,7802,269,318,587,1.92,314,4,0,21,369,J0,Ready,0,FRIESIAN
237,UK702881204692,28/01/22,HF,2,19/02/25,7185,369,311,680,2.26,301,4,0,22,357,J0,Ready,0,FRIESIAN
179,UK702881704739,05/02/22,HF,2,06/02/25,6163,326,266,593,1.94,314,4,0,27,353,J0,Ready,0,FRIESIAN
91,UK702881704970,23/02/22,AU,2,10/02/25,8215,277,276,553,1.80,310,4,0,38,375,J0,Ready,0,NA AYRSH
204,UK702881504814,11/02/22,NK,2,10/02/25,6728,319,281,600,1.97,310,4,0,26,375,J0,Ready,0,UNKNOWN
155,UK702881505052,05/03/22,NK,2,28/03/25,6227,296,229,525,1.99,264,4,0,20,418,J0,Ready,0,UNKNOWN
212,UK702881204965,23/02/22,HF,2,03/02/25,7484,348,318,667,2.17,317,4,0,53,371,J0,Ready,0,FRIESIAN
337,UK702881504919,23/02/22,NK,2,26/02/25,6592,339,252,591,2.01,294,4,0,24,393,J0,Ready,0,UNKNOWN
6,UK702881404911,18/02/22,NK,2,21/02/25,6232,281,258,540,1.81,299,4,0,19,389,J0,Ready,0,UNKNOWN
5,UK702881205049,05/03/22,NK,2,10/02/25,7159,319,276,595,1.95,310,4,0,35,370,J0,Ready,0,UNKNOWN
216,UK702881804816,11/02/22,NK,2,10/02/25,6541,322,271,594,1.95,310,4,0,42,378,J0,Ready,0,UNKNOWN
86,UK702881604906,18/02/22,HF,2,12/02/25,7650,337,273,611,2.00,308,4,0,31,359,J0,Ready,0,FRIESIAN
278,UK702881304826,13/02/22,HF,2,17/02/25,6922,300,278,579,1.91,303,4,0,49,380,J0,Ready,0,FRIESIAN
207,UK702881604689,25/01/22,HF,2,07/03/25,6778,320,281,601,2.11,285,3,0,44,403,J0,Ready,0,FRIESIAN
131,UK702881604752,09/02/22,HF,2,06/02/25,6805,331,275,606,1.98,314,4,0,65,367,J0,Ready,0,FRIESIAN
316,UK702881304847,14/02/22,HF,2,06/02/25,6766,314,267,582,1.91,314,4,0,21,369,J0,Ready,0,FRIESIAN
345,UK702881204909,18/02/22,HF,2,10/02/25,6672,382,311,693,2.26,310,3,0,19,378,J0,Ready,0,FRIESIAN
27,UK702881304749,07/02/22,HF,2,14/02/25,6571,275,256,531,1.74,306,4,0,47,374,J0,Ready,0,FRIESIAN
101,UK702881104908,18/02/22,HF,2,14/02/25,6708,362,282,644,2.11,306,4,0,25,380,J0,Ready,0,FRIESIAN
102,UK702881104747,06/02/22,HF,2,06/02/25,6515,304,292,596,1.95,314,4,0,33,357,J0,Ready,0,FRIESIAN
163,UK702881605046,05/03/22,HF,2,21/02/25,6874,344,258,602,2.01,299,3,0,13,387,J0,Ready,0,FRIESIAN
213,UK702881304700,01/02/22,HF,2,18/02/25,6169,337,281,618,2.05,302,3,0,21,386,J0,Ready,0,FRIESIAN
137,UK702881504695,01/02/22,HF,2,06/03/25,7411,344,289,633,2.21,286,4,0,26,381,J0,Ready,0,FRIESIAN
195,UK702881204748,07/02/22,HF,2,19/02/25,8220,319,338,658,2.19,301,4,1,79,379,J0,Ready,0,FRIESIAN
15,UK702881105048,05/03/22,NK,2,10/02/25,6625,319,245,565,1.85,310,4,0,17,378,J0,Ready,0,UNKNOWN
76,UK702881305540,19/03/23,HF,1,04/02/25,5244,249,224,473,1.56,316,4,0,15,0,J0,Ready,0,STARK
251,UK702881605536,17/03/23,JZ,1,20/02/25,5227,259,198,458,1.53,300,4,0,51,0,J0,Ready,0,SOVEREIG
413,UK702881105531,14/03/23,HF,1,03/02/25,6202,281,219,500,1.63,317,4,0,73,0,J0,Ready,0,SOVEREIG
403,UK702881305498,13/03/23,JZ,1,09/02/25,5466,327,236,563,1.85,311,4,0,43,0,J0,Ready,0,SLIPSTREAM
160,UK702881205497,12/03/23,JZ,1,06/02/25,5452,314,215,530,1.73,314,4,0,19,0,J0,Ready,0,SLIPSTREAM
950,UK209357103509,17/02/23,HF,1,26/02/25,5510,287,219,507,1.72,294,4,2,815,0,J4,Ready,0,SOVEREIGN
43,UK209357603731,21/03/23,HF,1,16/02/25,6515,234,232,466,1.53,304,4,0,14,0,J0,Ready,0,MORDOR
930,UK209357403491,14/02/23,HF,1,27/02/25,6344,239,233,473,1.61,293,4,0,16,0,J0,Ready,0,SPRINGFIELD
974,UK209357403533,23/02/23,J,1,16/02/25,5618,320,223,543,1.79,304,4,0,79,0,J0,Ready,0,SLIPSTREAM
970,UK209357103530,22/02/23,HF,1,02/03/25,5247,263,218,482,1.66,290,4,0,61,0,J0,Ready,0,MORDOR
948,UK209357603507,17/02/23,HF,1,05/02/25,6939,298,260,559,1.83,315,4,0,16,0,J0,Ready,0,MORDOR
914,UK209357203475,09/02/23,HF,1,15/02/25,6314,281,254,535,1.75,305,4,0,13,0,J0,Ready,0,SOVEREIGN
956,UK209357703515,19/02/23,HF,1,27/02/25,5858,244,221,465,1.59,293,4,0,58,0,J0,Ready,0,MORDOR
912,UK209357703473,08/02/23,HF,1,01/03/25,5290,268,207,475,1.63,291,4,0,109,0,J0,Ready,0,SOVEREIGN
79,UK702881105237,05/02/23,HF,1,03/02/25,5125,227,223,450,1.48,317,3,1,141,0,J0,Ready,0,XAAR
408,UK702881305302,14/02/23,HF,1,09/02/25,4885,273,199,473,1.54,311,4,0,33,0,J0,Ready,0,UNKNOWN
960,UK209357403519,19/02/23,HF,1,14/02/25,5421,307,235,542,1.77,306,3,0,14,0,J0,Ready,0,MORDOR
88,UK702881405534,14/03/23,JZ,1,01/05/25,4610,305,236,542,2.36,230,2,0,66,0,J1,Ready,0,SLIPSTREAM
441,  702881405380,22/02/23,JZ,1,01/05/25,4763,277,213,490,2.13,230,2,0,24,0,J1,Ready,0,SLIPSTREAM
66,  702881605291,08/02/23,JZ,1,01/04/25,3796,279,192,471,1.81,260,1,0,88,0,J1,Ready,0,SLIPSTREAM
341,UK702881305491,09/03/23,JZ,1,02/02/25,5734,279,206,486,1.60,318,4,0,80,0,J4,Ready,0,SLIPSTREAM
444,UK702881405492,09/03/23,JZ,1,03/02/25,5720,272,219,491,1.61,317,4,0,20,0,J0,Ready,0,SLIPSTREAM
267,UK702881705488,06/03/23,HF,1,16/02/25,6236,312,251,563,1.85,304,4,1,315,0,J0,Ready,0,SOVEREIG
268,UK702881205490,05/03/23,HF,1,09/02/25,5472,292,222,514,1.68,311,3,0,21,0,J0,Ready,0,SOVEREIG
157,UK702881705481,05/03/23,HF,1,03/02/25,5417,282,210,492,1.62,317,4,0,10,0,J0,Ready,0,SOVEREIG
440,UK702881405485,05/03/23,JZ,1,26/02/25,4657,276,219,495,1.68,294,4,0,20,0,J0,Ready,0,SLIPSTREAM
459,UK702881205483,04/03/23,HF,1,07/03/25,5591,220,215,435,1.53,285,4,1,185,0,J0,Ready,0,SOVEREIG
151,UK702881405464,01/03/23,JZ,1,06/02/25,5714,269,227,497,1.63,314,4,0,11,0,J0,Ready,0,SLIPSTREAM
428,UK702881705467,01/03/23,J,1,12/02/25,5502,293,204,497,1.63,308,4,0,20,0,J0,Ready,0,MIRDEXTE
416,UK702881105468,01/03/23,J,1,16/02/25,5998,290,241,531,1.75,304,4,0,22,0,J0,Ready,0,MIRDEXTE
431,UK702881205469,01/03/23,J,1,03/02/25,5870,299,234,533,1.72,317,4,0,10,0,J0,Ready,0,SOVEREIG
191,UK702881405471,01/03/23,HF,1,15/03/25,4390,231,178,410,1.48,277,4,3,227,0,J0,Ready,0,SOVEREIG
425,UK702881705474,01/03/23,J,1,27/01/25,5629,296,237,534,1.74,324,4,0,17,0,J0,Ready,0,SLIPSTREAM
432,UK702881105475,01/03/23,HF,1,03/02/25,5548,258,223,482,1.57,317,4,0,12,0,J0,Ready,0,KRYPTON
442,UK702881205476,01/03/23,JZ,1,03/02/25,5007,239,217,457,1.48,317,4,0,45,0,J0,Ready,0,SLIPSTREAM
282,UK702881405478,01/03/23,JZ,1,06/02/25,6039,300,244,545,1.78,314,4,0,29,0,J0,Ready,0,SLIPSTREAM
307,UK702881605480,01/03/23,JZ,1,20/03/25,4911,276,201,477,1.75,272,4,0,19,0,J0,Ready,0,SLIPSTREAM
421,UK702881605466,27/02/23,JZ,1,12/02/25,6155,283,253,536,1.76,308,4,0,62,0,J0,Ready,0,SLIPSTREAM
114,UK702881705439,27/02/23,JZ,1,24/03/25,4780,215,180,395,1.47,268,4,1,203,0,J0,Ready,0,SOVEREIG
52,UK702881105440,27/02/23,JZ,1,07/03/25,5975,278,218,496,1.74,285,4,0,46,0,J0,Ready,0,SOVEREIG
397,UK702881305463,27/02/23,HF,1,27/01/25,6245,336,266,603,1.92,324,2,0,55,0,J1,Ready,0,SOVEREIG
461,UK702881505465,27/02/23,JZ,1,03/02/25,5775,293,239,533,1.74,317,4,0,53,0,J0,Ready,0,SOVEREIG
462,UK702881505437,24/02/23,HF,1,03/02/25,4858,225,196,422,1.38,317,4,0,23,0,J0,Ready,0,OWNBULL
368,UK702881505367,22/02/23,HF,1,01/05/25,4044,238,162,401,1.74,230,2,0,20,0,J1,Ready,0,STARK
26,UK702881605368,22/02/23,HF,1,03/02/25,5243,229,209,439,1.44,317,4,0,17,0,J0,Ready,0,STARK
202,UK702881705369,22/02/23,HF,1,03/02/25,5184,248,208,456,1.49,317,4,0,117,0,J0,Ready,0,SOVEREIG
94,UK702881205371,22/02/23,HF,1,03/02/25,5660,281,206,488,1.60,317,4,0,49,0,J0,Ready,0,CONNECTION
433,UK702881305372,22/02/23,HF,1,10/02/25,6222,296,261,557,1.82,310,2,0,79,0,J1,Ready,0,SOVEREIG
242,UK702881405373,22/02/23,HF,1,12/02/25,5767,241,214,456,1.50,308,4,0,46,0,J0,Ready,0,SOVEREIG
146,UK702881605375,22/02/23,HF,1,24/02/25,5154,254,201,455,1.54,296,4,1,128,0,J0,Ready,0,SOVEREIG
135,UK702881705376,22/02/23,HF,1,06/02/25,4716,265,203,469,1.54,314,2,0,28,0,J0,Ready,0,SOVEREIG
445,UK702881605431,22/02/23,HF,1,27/01/25,4743,248,193,441,1.45,324,4,0,22,0,J0,Ready,0,MIRDEXTE
30,UK702881105433,22/02/23,JZ,1,01/03/25,5190,259,221,480,1.65,291,4,0,54,0,J0,Ready,0,SLIPSTREAM
288,UK702881405436,22/02/23,JZ,1,12/02/25,6213,327,259,586,1.92,308,4,0,20,0,J0,Ready,0,MIRDEXTE
215,UK702881605438,22/02/23,HF,1,05/03/25,5512,252,217,470,1.64,287,4,0,10,0,J0,Ready,0,SOVEREIG
327,UK702881305358,20/02/23,JZ,1,27/01/25,5546,319,237,556,1.81,324,4,0,94,0,J0,Ready,0,PISTOL
448,UK702881505360,19/02/23,JZ,1,03/02/25,5180,287,218,506,1.65,317,4,0,16,0,J0,Ready,0,SLIPSTREAM
77,UK702881605361,19/02/23,HF,1,03/02/25,5125,293,218,511,1.67,317,4,0,19,0,J0,Ready,0,MIRDEXTE
424,UK702881705362,19/02/23,HF,1,27/01/25,4970,265,206,472,1.56,324,4,2,212,0,J0,Ready,0,MIRDEXTE
388,UK702881105363,19/02/23,JZ,1,17/02/25,6151,321,239,560,1.85,303,4,0,19,0,J0,Ready,0,SLIPSTREAM
343,UK702881205364,19/02/23,JZ,1,27/01/25,4992,294,218,513,1.67,324,4,0,113,0,J0,Ready,0,SLIPSTREAM
59,UK702881405352,16/02/23,HF,1,10/02/25,5410,260,210,470,1.54,310,4,0,76,0,J0,Ready,0,SOVEREIG
385,UK702881605354,16/02/23,HF,1,28/03/25,4778,245,190,436,1.65,264,3,1,97,0,J0,Ready,0,SOVEREIG
446,UK702881705355,16/02/23,HF,1,12/02/25,5502,265,209,475,1.55,308,4,0,27,0,J0,Ready,0,SUGARHILL
426,UK702881505304,14/02/23,JZ,1,03/02/25,6434,303,250,553,1.81,317,4,4,1093,0,J0,Ready,0,PISTOL
44,UK702881705306,14/02/23,HF,1,09/02/25,5908,259,237,497,1.63,311,4,0,24,0,J0,Ready,0,MIRDEXTE
456,UK702881105307,14/02/23,HF,1,06/02/25,6592,290,272,563,1.84,314,4,0,16,0,J0,Ready,0,SOVEREIG
284,UK702881205308,14/02/23,HF,1,09/02/25,5986,279,204,483,1.59,311,4,0,14,0,J0,Ready,0,SOVEREIG
383,UK702881405310,14/02/23,JZ,1,27/01/25,5059,205,196,401,1.32,324,4,0,11,0,J0,Ready,0,KRYPTON
443,UK702881705313,14/02/23,JA,1,27/01/25,5719,291,224,516,1.68,324,4,0,18,0,J0,Ready,0,CONNECTION
451,UK702881105314,14/02/23,JZ,1,01/02/25,6050,292,237,529,1.71,319,4,0,56,0,J0,Ready,0,PISTOL
83,UK702881305316,14/02/23,HF,1,01/02/25,6158,277,231,509,1.66,319,4,0,26,0,J0,Ready,0,SUGARHILL
435,UK702881405317,14/02/23,HF,1,27/01/25,5773,282,237,519,1.70,324,4,0,21,0,J0,Ready,0,SUGARHILL
404,UK702881505318,14/02/23,JZ,1,01/04/25,4611,216,189,405,1.56,260,4,1,227,0,J0,Ready,0,KRYPTON
253,UK702881305351,14/02/23,JZ,1,01/03/25,5052,250,202,452,1.55,291,4,0,24,0,J0,Ready,0,SLIPSTREAM
438,UK702881405303,12/02/23,JZ,1,17/02/25,4968,277,230,507,1.67,303,4,1,130,0,J0,Ready,0,PISTOL
411,UK702881605298,10/02/23,JZ,1,17/03/25,5233,272,196,468,1.70,275,4,0,24,0,J0,Ready,0,SLIPSTREAM
391,UK702881705299,10/02/23,HF,1,03/02/25,6399,283,248,532,1.73,317,4,0,34,0,J0,Ready,0,SUGARHILL
310,UK702881105300,10/02/23,HF,1,03/02/25,4831,248,200,449,1.47,317,3,0,15,0,J0,Ready,0,SUGARHILL
455,UK702881405296,09/02/23,HF,1,15/03/25,5552,256,192,449,1.62,277,4,0,57,0,J0,Ready,0,SOVEREIG
449,UK702881305253,08/02/23,JZ,1,03/02/25,6320,339,238,578,1.89,317,4,3,171,0,J0,Ready,0,PISTOL
417,UK702881505255,08/02/23,HF,1,27/01/25,6455,279,231,511,1.66,324,2,0,123,0,J1,Ready,0,STARK
356,UK702881605256,08/02/23,HF,1,24/03/25,4548,236,182,418,1.56,268,4,0,22,0,J0,Ready,0,SOVEREIG
430,UK702881705257,08/02/23,HF,1,03/02/25,5691,297,239,537,1.74,317,4,0,83,0,J0,Ready,0,XAAR
156,UK702881205294,08/02/23,JZ,1,03/02/25,5626,276,213,489,1.58,317,4,0,48,0,J0,Ready,0,SLIPSTREAM
460,UK702881405233,06/02/23,HF,1,11/02/25,5962,273,246,520,1.70,309,4,0,29,0,J0,Ready,0,STARK
412,UK702881205245,06/02/23,HF,1,27/01/25,5898,334,240,575,1.88,324,4,0,23,0,J0,Ready,0,OWNBULL
243,UK702881405247,06/02/23,HF,1,06/02/25,5866,273,214,487,1.60,314,4,0,24,0,J0,Ready,0,SUGARHILL
422,UK702881605249,06/02/23,JZ,1,12/02/25,5757,289,236,526,1.72,308,4,0,67,0,J0,Ready,0,SOVEREIG
458,UK702881705236,05/02/23,HF,1,11/02/25,5276,288,225,514,1.69,309,4,0,42,0,J1,Ready,0,XAAR
18,UK702881205238,05/02/23,HF,1,27/01/25,5780,307,234,542,1.77,324,4,1,59,0,J0,Ready,0,PIVOTAL
100,UK702881305239,05/02/23,JZ,1,18/02/25,5865,290,243,533,1.76,302,3,0,137,0,,Ready,0,MIRDEXTE
439,UK702881505240,05/02/23,JZ,1,26/02/25,6181,246,238,484,1.65,294,4,0,59,0,J0,Ready,0,STARK
10,UK702881505241,04/02/23,HF,1,03/02/25,4420,250,200,450,1.47,317,4,0,30,0,J0,Ready,0,OWNBULL
78,UK702881605242,04/02/23,JZ,1,12/02/25,5269,278,207,485,1.59,308,4,0,29,0,J0,Ready,0,SLIPSTREAM
244,UK702881305232,03/02/23,HF,1,07/03/25,5123,260,207,467,1.64,285,4,0,12,0,J0,Ready,0,MIRDEXTE
186,UK702881205231,01/02/23,JZ,1,27/01/25,5255,271,203,474,1.55,324,4,0,19,0,J0,Ready,0,SLIPSTREAM
406,UK702881505171,26/01/23,HF,1,09/02/25,6314,275,241,516,1.69,311,4,0,24,0,J0,Ready,0,XAAR
,,,,,,"7,024",322,279,601,2.03,299,,,81,,,,0,
